type,name,module,path,hash
"yaml","manifest","_config","_config/manifest.yaml","a6e908b78a37a05f507425ca8f1218d02da9123433254ebae20eb5265a6f7528"
"toml","config","config.toml","config.toml","41a9d85cfb2f688cc0e4026744845b832909e890a89fec9181d2f5b2c6366fa0"
"toml","config.user","config.user.toml","config.user.toml","775ba54d60918f5be4d66e84b2029011227677b7d83b55ebbe4e3faa43df4f8a"
"csv","brain-methods","core","core/bmad-brainstorming/brain-methods.csv","0ab5878b1dbc9e3fa98cb72abfc3920a586b9e2b42609211bb0516eefd542039"
"csv","methods","core","core/bmad-advanced-elicitation/methods.csv","e08b2e22fec700274982e37be608d6c3d1d4d0c04fa0bae05aa9dba2454e6141"
"csv","module-help","core","core/module-help.csv","6677d8aaeaae3ed92185ea51094bfb08c5f2fb059faf88029da30d3313c36273"
"md","compression-rules","core","core/bmad-distillator/resources/compression-rules.md","86e53d6a2072b379864766681d1cc4e1aad3d4428ecca8c46010f7364da32724"
"md","distillate-compressor","core","core/bmad-distillator/agents/distillate-compressor.md","c00da33b39a43207a224c4043d1aa4158e90e41ab421fff0ea7cc55beec81ef8"
"md","distillate-format-reference","core","core/bmad-distillator/resources/distillate-format-reference.md","47b6734ab8c327215e3578f98c3b7ef3772332dcf6710d92f5599ffb4d03a085"
"md","round-trip-reconstructor","core","core/bmad-distillator/agents/round-trip-reconstructor.md","47c83f4a37249ddac38460d8c95d162f6fc175a8919888e8090aed71bd9383bc"
"md","SKILL","core","core/bmad-advanced-elicitation/SKILL.md","705cc827cab892855d07dcc926f5c9f749c3abab33e915d6ac1574aec174896b"
"md","SKILL","core","core/bmad-brainstorming/SKILL.md","f4a2c22b40ed34cdbd3282dd6161a3b869902f3bc75b58e181fc9faf78eedd9d"
"md","SKILL","core","core/bmad-customize/SKILL.md","6461073f9322f5f2ec64477d6ae5e79c601e36e3160e492fef4bc2d928d4a9a8"
"md","SKILL","core","core/bmad-distillator/SKILL.md","756ee0706ff6b8a3d5726b465e81ba244e4eaeba21b7de0d2390473acebb5ddc"
"md","SKILL","core","core/bmad-editorial-review-prose/SKILL.md","b3687fe80567378627bc2a0c5034ae8d65dfeedcf2b6c90da077f4feca462d0c"
"md","SKILL","core","core/bmad-editorial-review-structure/SKILL.md","164444359d74f695a84faf7ea558d0eef39c75561e6b26669f97a165c6f75538"
"md","SKILL","core","core/bmad-help/SKILL.md","a766c6bd76bcfc4a49a683417440d39978a2e10bb5618dfd469fff03f96b4b4d"
"md","SKILL","core","core/bmad-index-docs/SKILL.md","a855d7060414e73ca4fe8e1a3e1cc4d0f2ce394846e52340bdf5a1317e0d234a"
"md","SKILL","core","core/bmad-party-mode/SKILL.md","bd13fd6cb0b0c61d215e4c394cf4b7cac3a465394c3918f4dc14910513ddb898"
"md","SKILL","core","core/bmad-review-adversarial-general/SKILL.md","7bffc39e6dba4d9123648c5d4d79e17c3c5b1efbd927c3fe0026c2dbb8d99cff"
"md","SKILL","core","core/bmad-review-edge-case-hunter/SKILL.md","f49ed9976f46b4cefa1fc8b4f0a495f16089905e6a7bbf4ce73b8f05c9ae3ee6"
"md","SKILL","core","core/bmad-shard-doc/SKILL.md","3a1538536514725fd4f31aded280ee56b9645fc61d114fd94aacb3ac52304e52"
"md","splitting-strategy","core","core/bmad-distillator/resources/splitting-strategy.md","26d3ed05f912cf99ff9ebe2353f2d84d70e3e852e23a32b1215c13416ad708b5"
"md","step-01-session-setup","core","core/bmad-brainstorming/steps/step-01-session-setup.md","7fd2aed9527ccdf35fc86bd4c9b27b4a530b5cfdfb90ae2b7385d3185bcd60bc"
"md","step-01b-continue","core","core/bmad-brainstorming/steps/step-01b-continue.md","49f8d78290291f974432bc8e8fce340de58ed62aa946e9e3182858bf63829920"
"md","step-02a-user-selected","core","core/bmad-brainstorming/steps/step-02a-user-selected.md","7ff3bca27286d17902ecea890494599796633e24a25ea6b31bbd6c3d2e54eba2"
"md","step-02b-ai-recommended","core","core/bmad-brainstorming/steps/step-02b-ai-recommended.md","cb77b810e0c98e080b4378999f0e250bacba4fb74c1bcb0a144cffe9989d2cbd"
"md","step-02c-random-selection","core","core/bmad-brainstorming/steps/step-02c-random-selection.md","91c6e16213911a231a41b1a55be7c939e7bbcd1463bd49cb03b5b669a90c0868"
"md","step-02d-progressive-flow","core","core/bmad-brainstorming/steps/step-02d-progressive-flow.md","6b6fbbd34bcf334d79f09e8c36ed3c9d55ddd3ebb8f8f77aa892643d1a4e3436"
"md","step-03-technique-execution","core","core/bmad-brainstorming/steps/step-03-technique-execution.md","b97afefd4ccc5234e554a3dfc5555337269ce171e730b250c756718235e9df60"
"md","step-04-idea-organization","core","core/bmad-brainstorming/steps/step-04-idea-organization.md","acb7eb6a54161213bb916cabf7d0d5084316704e792a880968fc340855cdcbbb"
"md","template","core","core/bmad-brainstorming/template.md","5c99d76963eb5fc21db96c5a68f39711dca7c6ed30e4f7d22aedee9e8bb964f9"
"md","workflow","core","core/bmad-brainstorming/workflow.md","74c87846a5cda7a4534ea592ea3125a8d8a1a88d19c94f5f4481fb28d0d16bf2"
"py","analyze_sources","core","core/bmad-distillator/scripts/analyze_sources.py","31e2a8441c3c43c2536739c580cdef6abecb18ff20e7447f42dd868875783166"
"py","list_customizable_skills","core","core/bmad-customize/scripts/list_customizable_skills.py","8787f542930b927789e7fdf12bc5a67ff08e19865903a5ad05ff2cc8fc426b66"
"py","test_analyze_sources","core","core/bmad-distillator/scripts/tests/test_analyze_sources.py","d90525311f8010aaf8d7d9212a370468a697866190bae78c35d0aae9b7f23fdf"
"py","test_list_customizable_skills","core","core/bmad-customize/scripts/tests/test_list_customizable_skills.py","b55fc2e454f245753874f359c18ade9f3ad04debd66176c6e6bf3e403ca9c812"
"yaml","config","core","core/config.yaml","a9ccf7df154d19d86976507c48756f96f9d0c9ab59f788ed02d969be9b6159b6"
"file",".gitignore","custom","custom/.gitignore","973b03a33f142c22cf9b65be285bebadd85790b6b55be04637d2f8c716f58fab"
"csv","documentation-requirements","gds","gds/workflows/gds-document-project/documentation-requirements.csv","d1253b99e88250f2130516b56027ed706e643bfec3d99316727a4c6ec65c6c1d"
"csv","game-brain-methods","gds","gds/workflows/1-preproduction/gds-brainstorm-game/game-brain-methods.csv","9dd6c853bcd04038223abf0263c465381dace3c9b13c9eb637f22ce9dc93210e"
"csv","game-types","gds","gds/workflows/2-design/gds-gdd/assets/game-types.csv","a44c04d09432c886a7a5a8112474bd32540d8e84de25b308dca0f96e570651fd"
"csv","genre-complexity","gds","gds/workflows/2-design/gds-gdd/assets/genre-complexity.csv","eecea9633da780aab181f8e439bd5229be4794f26d5ccab7c433ee4865eee1f5"
"csv","module-help","gds","gds/module-help.csv","4886e78d1dda338cd1e1ca6654ae76f26743567783d35eb03503d4a794dbf46d"
"csv","pattern-categories","gds","gds/workflows/3-technical/gds-game-architecture/pattern-categories.csv","d9a275931bfed32a65106ce374f2bf8e48ecc9327102a08f53b25818a8c78c04"
"csv","qa-index","gds","gds/agents/gds-agent-game-dev/gametest/qa-index.csv","daa577ca80b3b51c08a8ed5521e4a25553d7d32a3342dbde40ccaee4a20351eb"
"html","validation-report-template","gds","gds/workflows/2-design/gds-gdd/assets/validation-report-template.html","c0a5b68ef9352f7c9929ccdb0b06621e421cbf0f2d8d54f3feb3bd84f37e7925"
"html","validation-report-template","gds","gds/workflows/2-design/gds-prd/assets/validation-report-template.html","20efebcfa14978bf5b4128996c575be8b447d28d578ee8c5c36f8d15f079ae2f"
"json","project-scan-report-schema","gds","gds/workflows/gds-document-project/templates/project-scan-report-schema.json","53255f15a10cab801a1d75b4318cdb0095eed08c51b3323b7e6c236ae6b399b7"
"md","action-platformer","gds","gds/workflows/2-design/gds-gdd/assets/game-types/action-platformer.md","f1cbe9e9a52acd01ff120d05ce22fa81b30500933f62a3c6c36642280244057c"
"md","adventure","gds","gds/workflows/2-design/gds-gdd/assets/game-types/adventure.md","06aa57786c2e7ebc7580d501fcdefaabb28933c7b5785d6643bf643f58ae13e7"
"md","architecture-template","gds","gds/workflows/3-technical/gds-game-architecture/templates/architecture-template.md","91655e166f5a2f3f56ae09997107eab15772c1e4d9186397bce0339eca7be32f"
"md","backlog-template","gds","gds/workflows/4-production/gds-code-review/backlog-template.md","84b1381c05012999ff9a8b036b11c8aa2f926db4d840d256b56d2fa5c11f4ef7"
"md","balance-testing","gds","gds/agents/gds-agent-game-dev/gametest/knowledge/balance-testing.md","01843831d603883219828afbe19784864464277f3bcddb2c104ff05bedbb8053"
"md","card-game","gds","gds/workflows/2-design/gds-gdd/assets/game-types/card-game.md","6b9298ace2607c8e93d64533e6406828053234282e4977e4407faa2e9302fd0a"
"md","case-file-template","gds","gds/workflows/4-production/gds-investigate/references/case-file-template.md","9dccb41f3f3fc796b42411966e51b32c4231aaceb4b6bb1880a16225a990002e"
"md","certification-testing","gds","gds/agents/gds-agent-game-dev/gametest/knowledge/certification-testing.md","9e7f57aac247f9c4d384b498f749e2e2376b8706066fb60d3e7b9c27d3ffccab"
"md","checklist","gds","gds/workflows/1-preproduction/gds-create-game-brief/checklist.md","3516d66cffceb3e5ab23e1ddc9aaed8c0335eb0755e7437488cdebff96162395"
"md","checklist","gds","gds/workflows/2-design/gds-create-narrative/checklist.md","9bcfa41212cd74869199dba1a7d9cd5691e2bbc49e6b74b11e51c32955477524"
"md","checklist","gds","gds/workflows/3-technical/gds-game-architecture/checklist.md","289baf9035dd22a4159a78b20afe93bb549d6177f95d261054ded79b4667052e"
"md","checklist","gds","gds/workflows/4-production/gds-code-review/checklist.md","e30d2890ba5c50777bbe04071f754e975a1d7ec168501f321a79169c4201dd28"
"md","checklist","gds","gds/workflows/4-production/gds-correct-course/checklist.md","3e082b95def90ccb876e3101ce0bbaf797a0f03a9471e1347361897f27977327"
"md","checklist","gds","gds/workflows/4-production/gds-create-story/checklist.md","0694a44014e15c7724b6268b6d96a41cbbdb7a9a33597d787078e652f4223280"
"md","checklist","gds","gds/workflows/4-production/gds-dev-story/checklist.md","630b68c6824a8785003a65553c1f335222b17be93b1bd80524c23b38bde1d8af"
"md","checklist","gds","gds/workflows/4-production/gds-sprint-planning/checklist.md","80b10aedcf88ab1641b8e5f99c9a400c8fd9014f13ca65befc5c83992e367dd7"
"md","checklist","gds","gds/workflows/gametest/gds-e2e-scaffold/checklist.md","0bf93f3994d88ea73024ddb90682a78b7d5d2ac9f39e0db18f372be06f79bff1"
"md","checklist","gds","gds/workflows/gametest/gds-performance-test/checklist.md","20ab16701d3b0e51b90bcf394f9a74afc40e3db8e04dbdc6fff6f88287639954"
"md","checklist","gds","gds/workflows/gametest/gds-playtest-plan/checklist.md","7d504957f7edb22081f5ae01b6f35db118414c33b4f612b6cd08b5f71645cbf3"
"md","checklist","gds","gds/workflows/gametest/gds-test-automate/checklist.md","b2eefabfba15ccf30a49d46eb0e2b3f9e88304e1c1bbe6febe00d1006d85e155"
"md","checklist","gds","gds/workflows/gametest/gds-test-design/checklist.md","5346d6af9545fed2f338834d58624b84598e4527cc21718b77bf9166b8a80840"
"md","checklist","gds","gds/workflows/gametest/gds-test-framework/checklist.md","cb4e9255f7386eed2244e77d74a9086980950f3d62927f38f6ee7707676c1a39"
"md","checklist","gds","gds/workflows/gametest/gds-test-review/checklist.md","2444685b29ed742dacfbab77f17cfbc17bd2fd4f91917afb01eb2b9c3f33ffca"
"md","checklist","gds","gds/workflows/gds-document-project/checklist.md","581b0b034c25de17ac3678db2dbafedaeb113de37ddf15a4df6584cf2324a7d7"
"md","compatibility-testing","gds","gds/agents/gds-agent-game-dev/gametest/knowledge/compatibility-testing.md","52647005c34e8219084c35536c6bcdec284936cdaf215cd0c6d130804f3823d7"
"md","compile-epic-context","gds","gds/workflows/gds-quick-flow/gds-quick-dev/compile-epic-context.md","5cfda02f252941e415b80c57b4528f46226b3cbf456ad45d78fcb5a7ef4816e2"
"md","deep-dive-instructions","gds","gds/workflows/gds-document-project/workflows/deep-dive-instructions.md","95a1aa90c59f9648f7b61511c691635442c15be3895fc93efef20d8f127814cb"
"md","deep-dive-template","gds","gds/workflows/gds-document-project/templates/deep-dive-template.md","6198aa731d87d6a318b5b8d180fc29b9aa53ff0966e02391c17333818e94ffe9"
"md","deep-dive-workflow","gds","gds/workflows/gds-document-project/workflows/deep-dive-workflow.md","ea0c34679e4f06cd2e5d04bc71bdb337e45a6b8194d0e0f00ca7bde22815f66f"
"md","discover-inputs","gds","gds/workflows/4-production/gds-code-review/discover-inputs.md","dfedba6a8ea05c9a91c6d202c4b29ee3ea793d8ef77575034787ae0fef280507"
"md","discover-inputs","gds","gds/workflows/4-production/gds-create-story/discover-inputs.md","dfedba6a8ea05c9a91c6d202c4b29ee3ea793d8ef77575034787ae0fef280507"
"md","documentation-standards","gds","gds/agents/gds-agent-tech-writer/documentation-standards.md","b046192ee42fcd1a3e9b2ae6911a0db38510323d072c8d75bad0594f943039e4"
"md","e2e-testing","gds","gds/agents/gds-agent-game-dev/gametest/knowledge/e2e-testing.md","e6480e6a6011c21fd68dc4eeb1d00653773c5436c67b7baaaa22ab168fc4aa69"
"md","epics-template","gds","gds/workflows/3-technical/gds-create-epics-and-stories/templates/epics-template.md","e61ae220bfb3e2394e0f0d58dc4c5436343703b0ff8efe18e0f690b584571927"
"md","explain-concept","gds","gds/agents/gds-agent-tech-writer/explain-concept.md","6ea82dbe4e41d4bb8880cbaa62d936e40cef18f8c038be73ae6e09c462abafc9"
"md","facilitation-guide","gds","gds/workflows/2-design/gds-gdd/references/facilitation-guide.md","2768ba0f624c0cc3ffb410eb57eb56a3919852248d7d7afd07cb66368f4e2aef"
"md","facilitation-guide","gds","gds/workflows/2-design/gds-prd/references/facilitation-guide.md","639d5b8f7a1983c654c6eba657062ec445b600db500f145173eb9f3d55a847ba"
"md","fighting","gds","gds/workflows/2-design/gds-gdd/assets/game-types/fighting.md","52e5a142aac496ae7154fc0829bfbce1ef22296f0a464cf8e595aa14ca02eb86"
"md","full-scan-instructions","gds","gds/workflows/gds-document-project/workflows/full-scan-instructions.md","ca670cc0b9dddd918bae872f95bb2120eb068d1e3112fa9d9482dfe96a7d9f67"
"md","full-scan-workflow","gds","gds/workflows/gds-document-project/workflows/full-scan-workflow.md","3c9f0ab595c2ca465d47d3c67ad64da5995017891f7376960a9af9e8a7cd73dd"
"md","game-brief-template","gds","gds/workflows/1-preproduction/gds-create-game-brief/templates/game-brief-template.md","6d5555fae3763e8528898663d51276e0cc7d2d9725a8c74162d8e9732dbc5843"
"md","game-context","gds","gds/workflows/1-preproduction/gds-brainstorm-game/game-context.md","d0f5cb4d6151bb65b799676281ea2af0fe1b5ec227c92ceba655ba363e18a0ba"
"md","gdd-purpose","gds","gds/workflows/2-design/gds-gdd/references/gdd-purpose.md","a46b9801158f2acbccd0784b8924438c7720799d18bd7c65f62f8a37cd4cb5ac"
"md","gdd-template","gds","gds/workflows/2-design/gds-gdd/assets/gdd-template.md","070ccbb7f491dc1b1d126245c2e4db4a55dbc5a7ee6a6df4be521ca70e3c9ea6"
"md","gdd-validation-checklist","gds","gds/workflows/2-design/gds-gdd/assets/gdd-validation-checklist.md","d54f803a44a158259487d619cc542c4de311dd213c079d6cdce7ddfb20c4aa0b"
"md","godot-engine","gds","gds/workflows/3-technical/gds-game-architecture/knowledge/godot-engine.md","1b86527d29e44f0bdeab87e25424997502cc675b1982e217be579ac6849e87db"
"md","godot-testing","gds","gds/agents/gds-agent-game-dev/gametest/knowledge/godot-testing.md","17b51e665fe6c0e49d7619710bf5a199b3feb3de2f035aff03075a2e7aadf4ac"
"md","headless","gds","gds/workflows/2-design/gds-gdd/references/headless.md","20d1c915efcf40d98197f96f9ff6cbda1f586110605a53246f8953842ffee404"
"md","headless","gds","gds/workflows/2-design/gds-prd/references/headless.md","0121ff882913a73aac057a62e27eaf931abfa99002a70685cbf19a524db9cfe7"
"md","headless-schemas","gds","gds/workflows/2-design/gds-gdd/assets/headless-schemas.md","71b52f33a1fd1d1a003221ad5eda56146f09cff8e1bbd2afcbc321042c2fa0b5"
"md","headless-schemas","gds","gds/workflows/2-design/gds-prd/assets/headless-schemas.md","8714be1b32f11d82bf36d9b7ad760b119c1b99cd6cb8c1e853719d302c7a8f5b"
"md","horror","gds","gds/workflows/2-design/gds-gdd/assets/game-types/horror.md","7ff7599d5701bb7a8ef0e14f3ba614626cdd0d8960a8e880fc1cd41c5f508f75"
"md","idle-incremental","gds","gds/workflows/2-design/gds-gdd/assets/game-types/idle-incremental.md","515b52bb301e467c1f096cc55abde47159bb0b0d87157b9fa565973b48601ddf"
"md","index-template","gds","gds/workflows/gds-document-project/templates/index-template.md","42c8a14f53088e4fda82f26a3fe41dc8a89d4bcb7a9659dd696136378b64ee90"
"md","input-testing","gds","gds/agents/gds-agent-game-dev/gametest/knowledge/input-testing.md","331c6c844db592deac86847e3982b5fad8ebb7ead322ab637093f92152bfe90d"
"md","instructions","gds","gds/workflows/gds-document-project/instructions.md","88dd5f184c3881e8213b0d19b3a6c16bbc7f434aa19d43c90ab08ca565c97ee0"
"md","localization-testing","gds","gds/agents/gds-agent-game-dev/gametest/knowledge/localization-testing.md","6eee5cccfd9a81db853a8aa2327bd5f898276155a0868758a2c76c6e9094d0fe"
"md","mermaid-gen","gds","gds/agents/gds-agent-tech-writer/mermaid-gen.md","1d83fcc5fa842bc31ecd9fd7e45fbf013fabcadf0022d3391fff5b53b48e4b5d"
"md","metroidvania","gds","gds/workflows/2-design/gds-gdd/assets/game-types/metroidvania.md","2a8c101dda7911d1cd1d9c66d1be86af3725832f5dcc7fab71e95204f45614ea"
"md","moba","gds","gds/workflows/2-design/gds-gdd/assets/game-types/moba.md","92d0ba9f7508a38d5bfeac1651c6aee8a1a58c54659ad3f0e0d1fd678a1ef498"
"md","multiplayer-testing","gds","gds/agents/gds-agent-game-dev/gametest/knowledge/multiplayer-testing.md","51ac9e47ba1a8ddae7720d301f97596d67d72252d91cd44338fd73353fc5969d"
"md","narrative-template","gds","gds/workflows/2-design/gds-create-narrative/templates/narrative-template.md","a97e07173c540f85e946eb9c525e1ccad9294ae5f970760f2a9c537b5c0dcd6b"
"md","party-game","gds","gds/workflows/2-design/gds-gdd/assets/game-types/party-game.md","0cc50b3aede0c45c94cdff743cdac2d8ad67421ea80497a29d2300a1744ea703"
"md","performance-template","gds","gds/workflows/gametest/gds-performance-test/performance-template.md","4bd04e73953f2f3dedff20b9032f99023656f141f21c080e49f15060c64ffa80"
"md","performance-testing","gds","gds/agents/gds-agent-game-dev/gametest/knowledge/performance-testing.md","b9acfb6f8d20b9f9d2e7b83419298f3053f6fc5dab5cb9005898d133556c09fe"
"md","phaser-engine","gds","gds/workflows/3-technical/gds-game-architecture/knowledge/phaser-engine.md","23536650150ed5f2a794e081fba4669abfb953c8e0be6ac6b000e17d35eebb3d"
"md","playtest-template","gds","gds/workflows/gametest/gds-playtest-plan/playtest-template.md","8fa7654007f4f881f0167cb252b6b9ca63c0735fb9e6ef63a4bc81954b428f47"
"md","playtesting","gds","gds/agents/gds-agent-game-dev/gametest/knowledge/playtesting.md","bd989a375d3e444da9b892bf0e33ed98c9f9d88f578f260501c3eaf7553d0b3c"
"md","prd-template","gds","gds/workflows/2-design/gds-prd/assets/prd-template.md","7c7c720b98555ddfe9e3fb100274172e917f833a37ce9646046ea8ad6d60d44a"
"md","prd-validation-checklist","gds","gds/workflows/2-design/gds-prd/assets/prd-validation-checklist.md","6de1eb75cf50b42db0433405d8c7c547e09eadd5ed25af7139e90a1ef90ad3e4"
"md","project-context-template","gds","gds/workflows/3-technical/gds-generate-project-context/project-context-template.md","4816f83b0edc8c7e19a57e4a4a6419ca40953fc7dcd48326700f2876e77c60fa"
"md","project-overview-template","gds","gds/workflows/gds-document-project/templates/project-overview-template.md","a7c7325b75a5a678dca391b9b69b1e3409cfbe6da95e70443ed3ace164e287b2"
"md","puzzle","gds","gds/workflows/2-design/gds-gdd/assets/game-types/puzzle.md","f9c08b6f087bfaa41ea08c9dfa78aa034f5ae46b627b9f476bdf8b4f5c3389ed"
"md","qa-automation","gds","gds/agents/gds-agent-game-dev/gametest/knowledge/qa-automation.md","1de6d14ea9299a2b73a2da33dff6c5b4c1bf5757365a5449968589baaa123cbc"
"md","racing","gds","gds/workflows/2-design/gds-gdd/assets/game-types/racing.md","085ea5d0914d7bc6a233c479d0ad6288a575ad1c8b9a8a85881e779fac0e60fc"
"md","readiness-report-template","gds","gds/workflows/3-technical/gds-check-implementation-readiness/templates/readiness-report-template.md","0da97ab1e38818e642f36dc0ef24d2dae69fc6e0be59924dc2dbf44329738ff6"
"md","regression-testing","gds","gds/agents/gds-agent-game-dev/gametest/knowledge/regression-testing.md","bbf85811219194de9df3499277f93427d2cc623384a8f1ac22726067ab6426dd"
"md","research.template","gds","gds/workflows/1-preproduction/research/gds-domain-research/research.template.md","507bb6729476246b1ca2fca4693986d286a33af5529b6cd5cb1b0bb5ea9926ce"
"md","research.template","gds","gds/workflows/1-preproduction/research/research.template.md","507bb6729476246b1ca2fca4693986d286a33af5529b6cd5cb1b0bb5ea9926ce"
"md","rhythm","gds","gds/workflows/2-design/gds-gdd/assets/game-types/rhythm.md","83bbf1761fdc604b8c2b50ed86c5874cce331417e1b3a46c65cb6c4c1a7c8db2"
"md","roguelike","gds","gds/workflows/2-design/gds-gdd/assets/game-types/roguelike.md","fb1ebc838011020a6f740e6fb4f2ceb81be8477f9c67bc7ae3a8e34dfe548f00"
"md","rpg","gds","gds/workflows/2-design/gds-gdd/assets/game-types/rpg.md","5aa57ecefb448a0507ee0c8d503b43bd34d0c612ba130240d1af9842b80cba50"
"md","sandbox","gds","gds/workflows/2-design/gds-gdd/assets/game-types/sandbox.md","836f656bbaae549f31ac574c0865a61de451c08ab8c561db2c93398e147ece85"
"md","save-testing","gds","gds/agents/gds-agent-game-dev/gametest/knowledge/save-testing.md","b64e42def93f604dcfadd6ed81c8950e1d0eb75d936f1da7de3f727323e76201"
"md","shooter","gds","gds/workflows/2-design/gds-gdd/assets/game-types/shooter.md","2452850295ac2b9fac04ce2d6126bfc19bb7dccbb04c40e7f89c801aecc5555d"
"md","simulation","gds","gds/workflows/2-design/gds-gdd/assets/game-types/simulation.md","fd74a7d21243f8d9827fe6a99263579309bc0aabd9e56261d3dd4eb5cfc75ad5"
"md","SKILL","gds","gds/agents/gds-agent-game-architect/SKILL.md","40467ae92aee8a33b2fd0c772173b6c3eea2ade2e1e094cf54b577176ad5e1a4"
"md","SKILL","gds","gds/agents/gds-agent-game-designer/SKILL.md","c0380daebece5446c57362bb504829c2f6d4f23683a62e482884f76e319d8fb7"
"md","SKILL","gds","gds/agents/gds-agent-game-dev/SKILL.md","cb01a9e3d2cc5c7aa97bc6a0126a6a7ec43a7c086be88c75e209ea86dc39ced7"
"md","SKILL","gds","gds/agents/gds-agent-game-solo-dev/SKILL.md","710885deacd65c2fd018642ed6009c146263b6bba27c97b410632246ba320edc"
"md","SKILL","gds","gds/agents/gds-agent-tech-writer/SKILL.md","27c0bad5f0b1f7464f75996826b4c9a666f53ba125c9a6e741e7935eb4ca411c"
"md","SKILL","gds","gds/workflows/1-preproduction/gds-brainstorm-game/SKILL.md","c177e420a848ca55cece7a9e05491cc79a1d11da31917883a1b697c90e49f154"
"md","SKILL","gds","gds/workflows/1-preproduction/gds-create-game-brief/SKILL.md","a6ed41211c22fef48eb7627bab3bf9f74bf34d0360e3030b6c3dda619082d634"
"md","SKILL","gds","gds/workflows/1-preproduction/research/gds-domain-research/SKILL.md","67c5421db061850bba5aa02d16e29fb217fa02f0c27e33823e136f0212de471e"
"md","SKILL","gds","gds/workflows/2-design/gds-create-narrative/SKILL.md","9c171e07fbca1fbad10d62087f337c718dcaa80dff1212c43c2c08021dbb0c7d"
"md","SKILL","gds","gds/workflows/2-design/gds-create-ux-design/SKILL.md","e286aced853f241def2d246f88bc4335e00907c51c9b73b6f9aeb4d4983e5b00"
"md","SKILL","gds","gds/workflows/2-design/gds-gdd/SKILL.md","3873a6cad2d791dc4d03072dcaaa6d08a56e91d81fe83ea5823710d3ccea870a"
"md","SKILL","gds","gds/workflows/2-design/gds-prd/SKILL.md","7cae63b0934d9965b6b70260af7f3b9238e4c38a823ef6128dff30883f5e054d"
"md","SKILL","gds","gds/workflows/3-technical/gds-check-implementation-readiness/SKILL.md","65bb8d35eca535c2285ed6845b83da15ef2b9fe734f45f05f318febf792cf62a"
"md","SKILL","gds","gds/workflows/3-technical/gds-create-epics-and-stories/SKILL.md","89f33063cc2983b13f5ecb03f39a02e56516379ef1f193071a8ca67a9d3a0e67"
"md","SKILL","gds","gds/workflows/3-technical/gds-game-architecture/SKILL.md","3050b0708149851cb8dd1f4744f36afc307704227a332e8f1816b4de0ecbf12e"
"md","SKILL","gds","gds/workflows/3-technical/gds-generate-project-context/SKILL.md","d0b92f5a002cf02ed7c212bffecda1080cfd1506ff1d6c662a02d9c6e04453a0"
"md","SKILL","gds","gds/workflows/4-production/gds-code-review/SKILL.md","abf173c33a51dd38031bc01393be586ae01e0e31c4e9f9896ade3e6c4adfbdd6"
"md","SKILL","gds","gds/workflows/4-production/gds-correct-course/SKILL.md","a11c4da09f60845bdcd611490e265d25b8d6a3f57fa2a99f01189b53d6c5e1c4"
"md","SKILL","gds","gds/workflows/4-production/gds-create-story/SKILL.md","472e24c0317f7492bd1d880951bc06d38cb56b2cb52cbf4e6bcf2cc70023c8e9"
"md","SKILL","gds","gds/workflows/4-production/gds-dev-story/SKILL.md","4d2c701b858bbe352cb6a10ee8de1ec08fe837f96d1c7ffc37772f00aab2cef3"
"md","SKILL","gds","gds/workflows/4-production/gds-investigate/SKILL.md","2acb82b911c9a97e7a346b4527f68a49e3866c69cd3e42bbe15f8b75991bb3d6"
"md","SKILL","gds","gds/workflows/4-production/gds-retrospective/SKILL.md","cbb10f144af7391d347c238a5275a180ccc0370de3e8a64b0d86f946b1a91a5d"
"md","SKILL","gds","gds/workflows/4-production/gds-sprint-planning/SKILL.md","460d44f37dfd09d7ee02c84656b476284fdce796d1bce74d05ec4a1b0589c96f"
"md","SKILL","gds","gds/workflows/4-production/gds-sprint-status/SKILL.md","d972102752217db72e8da89c3f60eb1dc8211c27f31cf4de86378d2503cdab21"
"md","SKILL","gds","gds/workflows/gametest/gds-e2e-scaffold/SKILL.md","21c052dad8c930feb0d101df66583b6a86b7cd23f9948373edb6f2fc1b764e79"
"md","SKILL","gds","gds/workflows/gametest/gds-performance-test/SKILL.md","a9c6bb5e5718f0df0ab3997921aba743b13e05e867fc00739af6eb02d1e967dd"
"md","SKILL","gds","gds/workflows/gametest/gds-playtest-plan/SKILL.md","386bec1b3d7dea4dafa6ce74847c15b1270a50a8e195ed0557900c65f33ddf16"
"md","SKILL","gds","gds/workflows/gametest/gds-test-automate/SKILL.md","7999e05b3e9693907e542aa7fc941233b4b6bc67a607fadb243d5798d0ddb063"
"md","SKILL","gds","gds/workflows/gametest/gds-test-design/SKILL.md","f6a56fbdd3353d236a02eb28d6e5d221473e7b2648c06c6e7b903477a7e2a933"
"md","SKILL","gds","gds/workflows/gametest/gds-test-framework/SKILL.md","ac9942f6dcec03a89f101fc4a52fd97d85f9e7b56740171435a1ea295a44b20a"
"md","SKILL","gds","gds/workflows/gametest/gds-test-review/SKILL.md","ef20091b88e785cd3ae9484c0c8ed39e79d4fbe3013f524923e42f7ae9b79d30"
"md","SKILL","gds","gds/workflows/gds-document-project/SKILL.md","59808aa61828d96891ac5a3bd664192e7bd92d90c4c11c9ad5f903866ba26acd"
"md","SKILL","gds","gds/workflows/gds-quick-flow/gds-quick-dev/SKILL.md","788b86f4f0d0f5392825b1a5f80b4ea5b8b6aba0a20a8d7b1469eae96f7619e0"
"md","smoke-testing","gds","gds/agents/gds-agent-game-dev/gametest/knowledge/smoke-testing.md","41843100e39f9a2d48316623d979cfdeed5f0977db5241a1a52f1049301dcd6f"
"md","source-tree-template","gds","gds/workflows/gds-document-project/templates/source-tree-template.md","109bc335ebb22f932b37c24cdc777a351264191825444a4d147c9b82a1e2ad7a"
"md","spec-template","gds","gds/workflows/gds-quick-flow/gds-quick-dev/spec-template.md","3ee15d5a63cf5eeee74149c590668fc61d0e44023eac12988a1ca2a9438a9d39"
"md","sports","gds","gds/workflows/2-design/gds-gdd/assets/game-types/sports.md","2247ea87dbca74e879f8c686d9e80434618e9e61bd3572739274c1af64cb0bb8"
"md","step-01-clarify-and-route","gds","gds/workflows/gds-quick-flow/gds-quick-dev/step-01-clarify-and-route.md","b5eb9f0cecf2a462885b8e7b4c21abbaec1e95c8abbd76bc410d9090fd8379f0"
"md","step-01-discover","gds","gds/workflows/3-technical/gds-generate-project-context/steps/step-01-discover.md","41a123ead9f18cc92b2d3cf021729593f16250f4891887c7416afa519914b61a"
"md","step-01-document-discovery","gds","gds/workflows/3-technical/gds-check-implementation-readiness/steps/step-01-document-discovery.md","92b09399c38bf96da3379d96f4709f19f4bc727a6bcf1adf080416ab5fc161ea"
"md","step-01-gather-context","gds","gds/workflows/4-production/gds-code-review/steps/step-01-gather-context.md","dedb3db28815e3df3363bc0d52d00cf7c13db798ac57b622172062e3b38abb8b"
"md","step-01-init","gds","gds/workflows/1-preproduction/gds-brainstorm-game/steps/step-01-init.md","eca859cb1c662a92b3f3f3590fdd2272a183707a58ff9dc8a8944355a0794ac1"
"md","step-01-init","gds","gds/workflows/1-preproduction/gds-create-game-brief/steps/step-01-init.md","0f4184419fe89698c272d959b6e816daca81f4b15e09ab87c7475c940172121a"
"md","step-01-init","gds","gds/workflows/1-preproduction/research/gds-domain-research/domain-steps/step-01-init.md","b91f1561eef3c9126a533ecf58b1eb045f8b7f584f108bada8247f217d5b2dcb"
"md","step-01-init","gds","gds/workflows/1-preproduction/research/market-steps/step-01-init.md","98df33ae9a329498315dbf890a80b6a27d601c90d012435248a0849adaafdaa1"
"md","step-01-init","gds","gds/workflows/1-preproduction/research/technical-steps/step-01-init.md","c3c3e48f2adb9bddae304171f66672ad9a2a3171551aa927de4c64f5683926da"
"md","step-01-init","gds","gds/workflows/2-design/gds-create-narrative/steps/step-01-init.md","5691536f98f127eb19baeeff3f4a4a6646a84cc393c74921a242c528e96cb9c8"
"md","step-01-init","gds","gds/workflows/2-design/gds-create-ux-design/steps/step-01-init.md","e25940f3efeada6206dd053416680d0df736b45fef6f04db78bbaff3b8846721"
"md","step-01-init","gds","gds/workflows/3-technical/gds-game-architecture/steps/step-01-init.md","f7365466c5a6d92bda82906043f422d053dcefd867d89d7f97e70404e104ec05"
"md","step-01-validate-prerequisites","gds","gds/workflows/3-technical/gds-create-epics-and-stories/steps/step-01-validate-prerequisites.md","956d5cf655621b750f77af9144ebf8ea5c86f910d053469a7e5eabc653c4a341"
"md","step-01b-continue","gds","gds/workflows/1-preproduction/gds-create-game-brief/steps/step-01b-continue.md","b742c364da8d60d94db84fe6a3a5cef08a77612a64bc0a7cb46e3b5eb354de3a"
"md","step-01b-continue","gds","gds/workflows/2-design/gds-create-narrative/steps/step-01b-continue.md","01560e00ece082145aa3f775f1b63ed9baf5b1f28e113c615ac2caa03383a0f1"
"md","step-01b-continue","gds","gds/workflows/2-design/gds-create-ux-design/steps/step-01b-continue.md","fde4bf8fa3a6d3230d20cb23e71cbc8e2db1cd2b30b693e13d0b3184bc6bb9a6"
"md","step-01b-continue","gds","gds/workflows/3-technical/gds-game-architecture/steps/step-01b-continue.md","ec31da22df2837924af7d1360701cd7c15c78269357c122149d7f767f966d9bf"
"md","step-02-context","gds","gds/workflows/1-preproduction/gds-brainstorm-game/steps/step-02-context.md","823252089860938bb1ef7d7167a4c974b93a910d7428d9b83fa532743763b06a"
"md","step-02-context","gds","gds/workflows/3-technical/gds-game-architecture/steps/step-02-context.md","2017829264085d45ee25ead36a668624a15bdf73eb5f81f54c45290193ece607"
"md","step-02-customer-behavior","gds","gds/workflows/1-preproduction/research/market-steps/step-02-customer-behavior.md","bf45b0b8cf181a2bf7ed15b8334ebcbaf053de804ed5b9d5e7a7008be328d9af"
"md","step-02-design-epics","gds","gds/workflows/3-technical/gds-create-epics-and-stories/steps/step-02-design-epics.md","639eab1b7f57e69b2813e200e8f0719ff1e0151ef6d5f9b5a19fe8a825499537"
"md","step-02-discovery","gds","gds/workflows/2-design/gds-create-ux-design/steps/step-02-discovery.md","674d361addceb953f13b74418a682522f3604bfed340a7376019c130e7393199"
"md","step-02-domain-analysis","gds","gds/workflows/1-preproduction/research/gds-domain-research/domain-steps/step-02-domain-analysis.md","828ceb015f4b62dfb65a0cf71becbe9ce84de0e6ffcaa3faca56f1e83074cda6"
"md","step-02-foundation","gds","gds/workflows/2-design/gds-create-narrative/steps/step-02-foundation.md","1e73ffe1540d2eb38b293848b6a01a8acc96e90ed1b5bb6e03ed48bdb2b60dea"
"md","step-02-gdd-analysis","gds","gds/workflows/3-technical/gds-check-implementation-readiness/steps/step-02-gdd-analysis.md","d617aa1ece3a5d1c864ec8befa13eca5ce9947a4c95d05864514757f29ceb39c"
"md","step-02-generate","gds","gds/workflows/3-technical/gds-generate-project-context/steps/step-02-generate.md","531201685a090a5bf313932730f83080b470741a994530e62d1d1ff8b64e2dfe"
"md","step-02-plan","gds","gds/workflows/gds-quick-flow/gds-quick-dev/step-02-plan.md","cd1a634c3adbc5b296344d55cead5aa0647d4ceeff95bc6a930715254503ad58"
"md","step-02-review","gds","gds/workflows/4-production/gds-code-review/steps/step-02-review.md","00a6a01eef43d1d29861b1625058f64fcd0851824766e701ddfa338499d78bab"
"md","step-02-technical-overview","gds","gds/workflows/1-preproduction/research/technical-steps/step-02-technical-overview.md","d35810fd1390103e47fce77414d0a5831df83468bc87f413c88c843c41b3e2f9"
"md","step-02-vision","gds","gds/workflows/1-preproduction/gds-create-game-brief/steps/step-02-vision.md","66c999bad79ac6a267975876fadf54a09a9c41f29f3d911b4560e64d9de98c5d"
"md","step-03-competitive-landscape","gds","gds/workflows/1-preproduction/research/gds-domain-research/domain-steps/step-03-competitive-landscape.md","cbfb0020e085395a01615f9b08085d0306f35ffbbfcc6b4236546be34d06695b"
"md","step-03-complete","gds","gds/workflows/3-technical/gds-generate-project-context/steps/step-03-complete.md","52cdc0fdc0ec509dbcb6f6799dde25431425eeba0273d43d7a7c738d868cf7bf"
"md","step-03-core-experience","gds","gds/workflows/2-design/gds-create-ux-design/steps/step-03-core-experience.md","a7852809a777a4fa87e6f8d14cf86b90b5944e94f4d5e39d9d639e1d79fcde71"
"md","step-03-create-stories","gds","gds/workflows/3-technical/gds-create-epics-and-stories/steps/step-03-create-stories.md","01a5d4b0d760a4dd6ecf911f4e3a3e21159b326e24105813c55630faf8fae628"
"md","step-03-customer-pain-points","gds","gds/workflows/1-preproduction/research/market-steps/step-03-customer-pain-points.md","72e1483807bfa30b93cef014f38d82f8a3e8cf673561be9ab2ae013b98707a16"
"md","step-03-epic-coverage-validation","gds","gds/workflows/3-technical/gds-check-implementation-readiness/steps/step-03-epic-coverage-validation.md","300a9c39dc879d3265f2b753bbf11439b8a8f35d9fb3bb8223f55af19cba1bc0"
"md","step-03-ideation","gds","gds/workflows/1-preproduction/gds-brainstorm-game/steps/step-03-ideation.md","cc31cc1d5eed19349cdfc9ce7e9cc176e31c3f94dd4195354a96edc5ef2766ce"
"md","step-03-implement","gds","gds/workflows/gds-quick-flow/gds-quick-dev/step-03-implement.md","4d848865eafe5eeba7d83529c766bd410a9cc20a05de1d6a764954c7275b4749"
"md","step-03-integration-patterns","gds","gds/workflows/1-preproduction/research/technical-steps/step-03-integration-patterns.md","b449eeace64814a3641be9f376b54bc071b796a17973aacb85076efc33aa8606"
"md","step-03-market","gds","gds/workflows/1-preproduction/gds-create-game-brief/steps/step-03-market.md","3435a83b18d2961f13e14f97571fce53af1877f2e09d8f20cbbdc1853d115a32"
"md","step-03-starter","gds","gds/workflows/3-technical/gds-game-architecture/steps/step-03-starter.md","5cc2fb706cfe7f73aeb4c24ff828d532ab7b3d548d5e1d9003297bd4f3d3f2e0"
"md","step-03-story","gds","gds/workflows/2-design/gds-create-narrative/steps/step-03-story.md","323cddfe1eb7c2639e872410f41938380e5f3a5a0e2497eb1e08628498d6b693"
"md","step-03-triage","gds","gds/workflows/4-production/gds-code-review/steps/step-03-triage.md","f8dfcba535cd65a053146f96965324d88ed01a790d2aa4bc352869eb90f80a45"
"md","step-04-architectural-patterns","gds","gds/workflows/1-preproduction/research/technical-steps/step-04-architectural-patterns.md","2d7ec8fe9121c4bfc361cfb96c46588c84c99a8a5c837585f3da4e08495de37b"
"md","step-04-characters","gds","gds/workflows/2-design/gds-create-narrative/steps/step-04-characters.md","62768bf6ee2d8cd09a0aa5e8d59ad02da552983c9e7c51b4197e276f92530d10"
"md","step-04-complete","gds","gds/workflows/1-preproduction/gds-brainstorm-game/steps/step-04-complete.md","e3ace2fecb376d12af00c8b07d18ff2bd2e533f3246ea9f21737dba0b3d7fbbb"
"md","step-04-customer-decisions","gds","gds/workflows/1-preproduction/research/market-steps/step-04-customer-decisions.md","9251d10a11e6c67987496a611699f333802e1c6361b379f0e6ff3932fc823852"
"md","step-04-decisions","gds","gds/workflows/3-technical/gds-game-architecture/steps/step-04-decisions.md","9d1ce5c5910f73eafa0ef161933e4ea6bca9165c0102305f6ad45a6d4dac0938"
"md","step-04-emotional-response","gds","gds/workflows/2-design/gds-create-ux-design/steps/step-04-emotional-response.md","0e4cb91186573ddfb96e23aa2ada5e8560200f1b0e8e31c28f27cd1eb8036d20"
"md","step-04-final-validation","gds","gds/workflows/3-technical/gds-create-epics-and-stories/steps/step-04-final-validation.md","f01761632b5351fea7ca24be5f3a5e7b21a5e77405d9769bb68ab026f96af511"
"md","step-04-fundamentals","gds","gds/workflows/1-preproduction/gds-create-game-brief/steps/step-04-fundamentals.md","31183563ca54d28efc4f85cf55285188fd3c9d91181bdcec8975240f9ab42d97"
"md","step-04-present","gds","gds/workflows/4-production/gds-code-review/steps/step-04-present.md","b92b5fadcee1ed5851195b1e842b03e5f96b38f20d4805ac8472383cc47abed9"
"md","step-04-regulatory-focus","gds","gds/workflows/1-preproduction/research/gds-domain-research/domain-steps/step-04-regulatory-focus.md","043b814ab146ca144c5b968df3f485166145b3013852b5abbe4e463fd1abe711"
"md","step-04-review","gds","gds/workflows/gds-quick-flow/gds-quick-dev/step-04-review.md","e62a50a37ab20eb426f5abd44179dfac51548707b5e85e6fe7817c144cbe3dae"
"md","step-04-ux-alignment","gds","gds/workflows/3-technical/gds-check-implementation-readiness/steps/step-04-ux-alignment.md","dbc0e078c29b253bcbe621a3f2f6489d5ac5b2b489c49b74812bc99bbf37d07a"
"md","step-05-competitive-analysis","gds","gds/workflows/1-preproduction/research/market-steps/step-05-competitive-analysis.md","c6b884a0d16edfa5dc258ac13371adc6f6196a46be2590a9d7f24f9992f8e617"
"md","step-05-crosscutting","gds","gds/workflows/3-technical/gds-game-architecture/steps/step-05-crosscutting.md","f2a82bcd5411088e7e49a314354459f2ec6a1f16450ecd6970e52ad90303612e"
"md","step-05-epic-quality-review","gds","gds/workflows/3-technical/gds-check-implementation-readiness/steps/step-05-epic-quality-review.md","c08c2a8971947e08c20bb2921daaf6ba2343241dc94abcbfab9f98b82d36bf83"
"md","step-05-implementation-research","gds","gds/workflows/1-preproduction/research/technical-steps/step-05-implementation-research.md","c847c05b96071bb5318913caaa8e4e72144db8c0174226e588afc22d49cf0f21"
"md","step-05-inspiration","gds","gds/workflows/2-design/gds-create-ux-design/steps/step-05-inspiration.md","b64315563e41e8a596d0ef7a8badba79ab96101a9914bda0402fed08cfcafe42"
"md","step-05-present","gds","gds/workflows/gds-quick-flow/gds-quick-dev/step-05-present.md","ea49ce8703d4946ec54a59ff428d52ad64ab2649f49c43230bec1f3d09e85b55"
"md","step-05-scope","gds","gds/workflows/1-preproduction/gds-create-game-brief/steps/step-05-scope.md","c53c4e02a661927284a31482b615114633ffa4a1534ba394e36c7c0b35ad8008"
"md","step-05-technical-trends","gds","gds/workflows/1-preproduction/research/gds-domain-research/domain-steps/step-05-technical-trends.md","6005b52750aea1f7da12da2266de03dea2b0cc6504854d1c123fe11cf817a1cf"
"md","step-05-world","gds","gds/workflows/2-design/gds-create-narrative/steps/step-05-world.md","5299a1c4cf2ba1fbd35b11de9b5112c825a7cb81ce5bbb4e517ac1d363de1877"
"md","step-06-design-system","gds","gds/workflows/2-design/gds-create-ux-design/steps/step-06-design-system.md","0fdb99845d82cb7b22d3bc73f56a6745d3b9d67f9a47c3f8efe752967179f66c"
"md","step-06-dialogue","gds","gds/workflows/2-design/gds-create-narrative/steps/step-06-dialogue.md","41eeb85da9cdb3c52f4a0b713d5ffaed11bc8f660e3aaa772a7cefd02aa3a4bf"
"md","step-06-final-assessment","gds","gds/workflows/3-technical/gds-check-implementation-readiness/steps/step-06-final-assessment.md","82ed2106b21626ece71e503c18ea0471c9505bd6095f70190014831d3cdb7d52"
"md","step-06-references","gds","gds/workflows/1-preproduction/gds-create-game-brief/steps/step-06-references.md","d40571cfc0bd0188edfb962970f431d492182fef766b2c766004759fb068304c"
"md","step-06-research-completion","gds","gds/workflows/1-preproduction/research/market-steps/step-06-research-completion.md","af1bb87eedbbfbb1228bbb2834c56962dac2006bc497e61745dd7375dcf00e1b"
"md","step-06-research-synthesis","gds","gds/workflows/1-preproduction/research/gds-domain-research/domain-steps/step-06-research-synthesis.md","180932be6c54a84833d8e07ec5c68b80444a49b6d170ae9949e8760709a1b6b4"
"md","step-06-research-synthesis","gds","gds/workflows/1-preproduction/research/technical-steps/step-06-research-synthesis.md","e1cc457ecba6e677b9f083cc413d8b3013767697ca5f1656c5c44200d73c6f8d"
"md","step-06-structure","gds","gds/workflows/3-technical/gds-game-architecture/steps/step-06-structure.md","5890ee8fd23080c3997e232fef0135a4c9d06267feb96d9ec686ffc879f5f5f1"
"md","step-07-content","gds","gds/workflows/1-preproduction/gds-create-game-brief/steps/step-07-content.md","d8fa4a93d0d0b7e6bef1f7dd42fada232053516063f3cd4430f6f9065db93d57"
"md","step-07-defining-experience","gds","gds/workflows/2-design/gds-create-ux-design/steps/step-07-defining-experience.md","04f338f30517d0e20ff81333f3a4a835151d190ab86edbbeb0f5408cc119e8e8"
"md","step-07-environmental","gds","gds/workflows/2-design/gds-create-narrative/steps/step-07-environmental.md","3a8c5898d2659c7c185554a53e80ccdb85d35cbc925e35681b142655068457b0"
"md","step-07-patterns","gds","gds/workflows/3-technical/gds-game-architecture/steps/step-07-patterns.md","c3b6928e272f315c036e5378d751e94c33d1ec175f0c29ad852c5f4b5444b325"
"md","step-08-complete","gds","gds/workflows/1-preproduction/gds-create-game-brief/steps/step-08-complete.md","51a812ae2a107e7219ffd0f97c6d1707630daadc21f1b6e96598c3b3ddac395c"
"md","step-08-delivery","gds","gds/workflows/2-design/gds-create-narrative/steps/step-08-delivery.md","720f99945f72579c9eb564f7e6d97cad7ae70a08bf6bc710b58467f1a9c441c8"
"md","step-08-validation","gds","gds/workflows/3-technical/gds-game-architecture/steps/step-08-validation.md","4645aeb15979b8b5cd4fdced9849ebbb842f8cabb27802db27b01be7de6139d5"
"md","step-08-visual-foundation","gds","gds/workflows/2-design/gds-create-ux-design/steps/step-08-visual-foundation.md","504cebd2f6329a4b66761dc0c294e2c7733825329da6f592dca83e2a478b9944"
"md","step-09-complete","gds","gds/workflows/3-technical/gds-game-architecture/steps/step-09-complete.md","0b5ea3dca27a60b6d2aeceb64a9155af4bc7cd194a84ebacbf255f35dfd5915d"
"md","step-09-design-directions","gds","gds/workflows/2-design/gds-create-ux-design/steps/step-09-design-directions.md","d4e793d43f2cf9d25037a974f91194e481fb579106e60d0dc6c8ca4e870202f5"
"md","step-09-integration","gds","gds/workflows/2-design/gds-create-narrative/steps/step-09-integration.md","deede2f73efebb7ab44bb1d91584e52c032e2d2cfe630349817f1d994edb2bcb"
"md","step-10-production","gds","gds/workflows/2-design/gds-create-narrative/steps/step-10-production.md","2915b7b30a2341e4f4252d65320ae4d9079477a66cc2784ab6452fc97373fdb6"
"md","step-10-user-journeys","gds","gds/workflows/2-design/gds-create-ux-design/steps/step-10-user-journeys.md","dfd9d1fa37405812623fba3f70e60f6cdb7f1adb4afb62f0afa8848878f10e02"
"md","step-11-complete","gds","gds/workflows/2-design/gds-create-narrative/steps/step-11-complete.md","154a88a667eecadad044ce6f6de9a93a462b3d6aed97e927874cfc84b41e4f72"
"md","step-11-component-strategy","gds","gds/workflows/2-design/gds-create-ux-design/steps/step-11-component-strategy.md","aee0cdb0ba76e29394b8b59fba8d61dd2a3a75557782acac7d9714b8faf1b953"
"md","step-12-ux-patterns","gds","gds/workflows/2-design/gds-create-ux-design/steps/step-12-ux-patterns.md","7b79d913cc2f3b0ff3b6fce384d5b99d44fb010b5d9695e1606110945234ee18"
"md","step-13-responsive-accessibility","gds","gds/workflows/2-design/gds-create-ux-design/steps/step-13-responsive-accessibility.md","c0b32efd11e95c8267421ba18a68a013b4bda9d5641ecde092c94cb3ee60a5c0"
"md","step-14-complete","gds","gds/workflows/2-design/gds-create-ux-design/steps/step-14-complete.md","2c83168cfbd64404b7e802a43f9b2e63f7044f3a5c5a969f75a3ef985bbc060b"
"md","step-oneshot","gds","gds/workflows/gds-quick-flow/gds-quick-dev/step-oneshot.md","400fcd81dd8debacef2387a380e3155906b41978d53515eacb2beb1aa08912d2"
"md","strategy","gds","gds/workflows/2-design/gds-gdd/assets/game-types/strategy.md","997380919f6c1b408906c364f74e728b9c6b45bf2960d1f0bfe8b0def594735e"
"md","survival","gds","gds/workflows/2-design/gds-gdd/assets/game-types/survival.md","3647795ee0073a85217633412a41a938e51a553776acbe9ac953fb403e3437f9"
"md","sync-sprint-status","gds","gds/workflows/gds-quick-flow/gds-quick-dev/sync-sprint-status.md","c0f2fdb940984206a4b7aa2467fbcb7c4811f648634e43a488593974e9efff5e"
"md","template","gds","gds/workflows/4-production/gds-create-story/template.md","bb22dc83535c732675a3609638a8af7c7da2df2b65e0dc588d3b22800539d45a"
"md","test-design-template","gds","gds/workflows/gametest/gds-test-design/test-design-template.md","87ea44fb715e0a8502c59be8d9fe88695e20edbd01a26f8b70ec83769a5a208f"
"md","test-priorities","gds","gds/agents/gds-agent-game-dev/gametest/knowledge/test-priorities.md","bf1c726cfcbd44511a97820e1c4d4de1f4b2579ca97cd216f91b91fbeb72e04a"
"md","test-review-template","gds","gds/workflows/gametest/gds-test-review/test-review-template.md","62f64abc9e42f3014f65b7a663477ea2ae84eea7da423508761535da67d9ad0f"
"md","text-based","gds","gds/workflows/2-design/gds-gdd/assets/game-types/text-based.md","5895ca65dc93f676bb33b754f2c6be85d5d9b651df87d8431d404dc9bb736ee7"
"md","tower-defense","gds","gds/workflows/2-design/gds-gdd/assets/game-types/tower-defense.md","03a2cc577fdd1a183ba04409b01b22f2f38713d28f1278481b0f221858f97ec8"
"md","turn-based-tactics","gds","gds/workflows/2-design/gds-gdd/assets/game-types/turn-based-tactics.md","30a150d8a0ab746f0c67d414be79e7e421fff1b8b7a1b716e64800df72bdb6c2"
"md","unity-engine","gds","gds/workflows/3-technical/gds-game-architecture/knowledge/unity-engine.md","ce09a12fa7b6640712a9f76833a46425f5080c597f2d44ce8d51a3f624b9c592"
"md","unity-testing","gds","gds/agents/gds-agent-game-dev/gametest/knowledge/unity-testing.md","17b84ad2c6b651cad40edf697991be60b86aa80d3c98666c08b71e8908474492"
"md","unreal-engine","gds","gds/workflows/3-technical/gds-game-architecture/knowledge/unreal-engine.md","25c737e132f37d736ec17ac531712795c1a9197dabd7a26084de8117e226590a"
"md","unreal-testing","gds","gds/agents/gds-agent-game-dev/gametest/knowledge/unreal-testing.md","0ca53c31bd4c65dac328488433b49b7673e25f47e9945d9abfa9644c43bf2572"
"md","update-standards","gds","gds/agents/gds-agent-tech-writer/update-standards.md","a4bbbff641c454f872cad8b263bf96b0f519e718e7f6c0b18d283c46e4df377c"
"md","ux-design-template","gds","gds/workflows/2-design/gds-create-ux-design/ux-design-template.md","ffa4b89376cd9db6faab682710b7ce755990b1197a8b3e16b17748656d1fca6a"
"md","validate-doc","gds","gds/agents/gds-agent-tech-writer/validate-doc.md","5e12651ffc5c8020b59d66e267a6d5605f0e4583683935528697fe642d58af9e"
"md","validation-render","gds","gds/workflows/2-design/gds-gdd/references/validation-render.md","febf3bbfae0b2679161584a8b5bfd7339c0fab7d2fec6ee78fd3c1f7f2d51e5c"
"md","validation-render","gds","gds/workflows/2-design/gds-prd/references/validation-render.md","fc796ff614d02cea0db015d7f28623ecc7ae94b37203250cf284c04ba742e217"
"md","visual-novel","gds","gds/workflows/2-design/gds-gdd/assets/game-types/visual-novel.md","2d98f4c682f0abbd6330ac1bad04600c596e6b27302adbe9510fc0c0bf53052c"
"md","workflow-market-research","gds","gds/workflows/1-preproduction/research/workflow-market-research.md","6e0e3ce6218356e16ccb4f1ee1b01012857940838d13fcc6b48c1a73cc2ddf81"
"md","workflow-technical-research","gds","gds/workflows/1-preproduction/research/workflow-technical-research.md","5d1df56505d4c1532d8d3965a1e72a2d82038d1d670f3fecc0d9c26e221ec287"
"md","write-document","gds","gds/agents/gds-agent-tech-writer/write-document.md","d76084c9a1b2da01960819b1daa1714c8580f13005d2ea1e0bb9f94ef9005e8d"
"py","render-validation-html","gds","gds/workflows/2-design/gds-gdd/scripts/render-validation-html.py","f723253b15798fed70bd047985671049fd176836d7381904c34dab6ac40d8150"
"py","render-validation-html","gds","gds/workflows/2-design/gds-prd/scripts/render-validation-html.py","f723253b15798fed70bd047985671049fd176836d7381904c34dab6ac40d8150"
"toml","customize","gds","gds/agents/gds-agent-game-architect/customize.toml","ee5d66606f7b21c5b387ae53f044f227b45fc4304e78d7435067d640f990e80b"
"toml","customize","gds","gds/agents/gds-agent-game-designer/customize.toml","67a882e8d453bdd044148464edc30f7167209dff9aaa2846c4e6fba3d6159ccb"
"toml","customize","gds","gds/agents/gds-agent-game-dev/customize.toml","65b1423f884c8b499707ab55106f9847233bd64e983aa23d284bfffb9e5ba8ce"
"toml","customize","gds","gds/agents/gds-agent-game-solo-dev/customize.toml","4234f94325f50cab2682e560c81c564c7a5bd819832a431af5d80ff733b660a4"
"toml","customize","gds","gds/agents/gds-agent-tech-writer/customize.toml","c43aa8d249391d9e9808b586c6197fe38d73fc24f67e96de297630a56c779286"
"toml","customize","gds","gds/workflows/1-preproduction/gds-brainstorm-game/customize.toml","48ec10a5c4d1a85f12360e575eb0675724bdb85af1ecc24098517851a2f42648"
"toml","customize","gds","gds/workflows/1-preproduction/gds-create-game-brief/customize.toml","8e21bdf2b79f08858ab82f18709960bb685fa2acd71781a11130ef12803e90d6"
"toml","customize","gds","gds/workflows/1-preproduction/research/gds-domain-research/customize.toml","ad4ffc150d65875648b5e06dafd270312a0ebfb510015db63e58fc007c6eba24"
"toml","customize","gds","gds/workflows/2-design/gds-create-narrative/customize.toml","3dea1e50260a94e009b6e71c9c7fabbec3c793d6194268e89d1cf227d9803ecb"
"toml","customize","gds","gds/workflows/2-design/gds-create-ux-design/customize.toml","3e1e4e7b8a956c8f2a64ef486de0e691d8f71cee1b8189faddbc6c1270f8e86c"
"toml","customize","gds","gds/workflows/2-design/gds-gdd/customize.toml","ffd23ab5fea8c512d988127007fa365545be560e6f9571eea3d05e495d40c177"
"toml","customize","gds","gds/workflows/2-design/gds-prd/customize.toml","9b5bc65de3dcba7638c15f314b9012e58bbed3e2dba8d3a5ffaa5a64f6f161a6"
"toml","customize","gds","gds/workflows/3-technical/gds-check-implementation-readiness/customize.toml","7856f7bae3db9cf940d59e2638beecb05ecff045354f218dcf03775f457106ca"
"toml","customize","gds","gds/workflows/3-technical/gds-create-epics-and-stories/customize.toml","5b5086ea0f98e5c0a0006319bbf6024c10282594991b1a156777cd8607452692"
"toml","customize","gds","gds/workflows/3-technical/gds-game-architecture/customize.toml","96d942c535e86f681a23b46f965c13e98c5cdffe2a45a88489908f34fdb98257"
"toml","customize","gds","gds/workflows/3-technical/gds-generate-project-context/customize.toml","d15e0babe1181f09a7a4ecf852d70a0451bc704c9c9fea5bf5aba2810c569d7e"
"toml","customize","gds","gds/workflows/4-production/gds-code-review/customize.toml","79083797dced14169dde50755d638e4f37d734b56a293398bb0b471c50490d8d"
"toml","customize","gds","gds/workflows/4-production/gds-correct-course/customize.toml","3883c33ae110c885e0695bf2d699af4952df5e2a89da583feb5a228b3b1742d9"
"toml","customize","gds","gds/workflows/4-production/gds-create-story/customize.toml","3c6f6044e1639471e41a490538e8bab0491f1480f445a350bfc5db5f225e5ebd"
"toml","customize","gds","gds/workflows/4-production/gds-dev-story/customize.toml","9c99ff3126ebb216b2c71c6658252fdde3aed21f6d3699624ad2cc0fd819f12e"
"toml","customize","gds","gds/workflows/4-production/gds-investigate/customize.toml","ad57c563450f04aeb6ff5462392317e82a060738dd05e77e9602adc2ab744ad6"
"toml","customize","gds","gds/workflows/4-production/gds-retrospective/customize.toml","a6d04a76f5f8a1f8a0a5f863371afffa692b08bcc31f916c13262a4ffbcd7a75"
"toml","customize","gds","gds/workflows/4-production/gds-sprint-planning/customize.toml","c2623b5c6a2b9f66d2d61ae249a5e374a5cbe8e50e25b443d087436c4efaed09"
"toml","customize","gds","gds/workflows/4-production/gds-sprint-status/customize.toml","47486387ee92fa2e9fedaf851ee610e22f716d4e5745af2babbdab62b139f1f0"
"toml","customize","gds","gds/workflows/gametest/gds-e2e-scaffold/customize.toml","14aa8c44becfa7d2772fa198f1a4f3a5ed8a92f3c5c8caf0d2be9c43e3e06504"
"toml","customize","gds","gds/workflows/gametest/gds-performance-test/customize.toml","c72165049f9d9e28edfa62b67f929f39918b14c22a0bb789366c4490a8d045c7"
"toml","customize","gds","gds/workflows/gametest/gds-playtest-plan/customize.toml","70128db6f670813eeb8256acc1082e547c2669ab2e752e7592d11d05914025ec"
"toml","customize","gds","gds/workflows/gametest/gds-test-automate/customize.toml","25c6e4ab6f6b04594815d81fd61053a4c6b82666dae0b6e15bdb9b2da93a530b"
"toml","customize","gds","gds/workflows/gametest/gds-test-design/customize.toml","274c09ca7ac03c156ec8a3c912f954f9f72087f2589f9c4fb946b97c45687404"
"toml","customize","gds","gds/workflows/gametest/gds-test-framework/customize.toml","942bed1c94455b3c1c8f8b925539fd9e1c9c4b8154386fc89ac05a774ba79700"
"toml","customize","gds","gds/workflows/gametest/gds-test-review/customize.toml","c4b2cc796b3e8e9c0fbfc3043c6909917c762f22ca84847ae92f215efc7734f7"
"toml","customize","gds","gds/workflows/gds-document-project/customize.toml","2fb9537197001693419c4751170b8ec7ea9abbbf09f0088bbddc21541bb56466"
"toml","customize","gds","gds/workflows/gds-quick-flow/gds-quick-dev/customize.toml","8e0ee7b128c5a77971f370d3f03180159e1698863884d5f3f04fc990ecfd35e3"
"yaml","architecture-patterns","gds","gds/workflows/3-technical/gds-game-architecture/architecture-patterns.yaml","3beef746fa0378022a3b98363a6a42a01a6268ecade801215a0bd331ed02a1d3"
"yaml","config","gds","gds/config.yaml","21e6d307e88c8f84e0141731b4e662ac1c8b5aa38bcdf6552b739aae376bba26"
"yaml","decision-catalog","gds","gds/workflows/3-technical/gds-game-architecture/decision-catalog.yaml","9b11cc159e4e74e7c3c9782bc3772ca7fc9192afee712c4eed0938994bbc3412"
"yaml","engine-mcps","gds","gds/workflows/3-technical/gds-game-architecture/engine-mcps.yaml","722a6370246a06df56b60ea248ac06455465d2fa9c2dd5593dfa5bf2dffc7df7"
"yaml","sprint-status-template","gds","gds/workflows/4-production/gds-sprint-planning/sprint-status-template.yaml","0d7fe922f21d4f00e538c265ff90e470c3e2eca761e663d84b7a1320b2f25980"
"py","resolve_config","scripts","scripts/resolve_config.py","8e326149d9170477ecc21aa2aa2389d8fbaa5d1cd95db2de2ad33029ce8ae528"
"py","resolve_customization","scripts","scripts/resolve_customization.py","6dbf36a2fea13392426fdbaf4f074b6d9b93488a964d2d1bff2a5c1c3a1d506e"
